"Gross domestic product, expenditure-based, Canada, quarterly (x 1,000,000)"
"Frequency: Quarterly"
"Table: 36-10-0104-01 (formerly CANSIM 380-0064)"
"Release date: 2025-11-28"
"Geography: Canada"
""
""

"Prices","Current prices",,,,,,,,,,,,,,,,,,,,,,,,,,,,,,,,,,,,,,,,,,,,,,,,,,,,,,,,,,,,,,,,,,,,,,,,,,,,,,,,,,,,,,,,,,,,,,,,,,,,,,,,,,,,,,,,,,,,,,,,,,,,,,,,,,,,,,,,,,,,,,,,,,,,,,,,,,,,,,,,,,,,,,,,,,,,,,,,,,,,,,,,,,,,,,,,,,,,,,,,,,,,,,,,,,,,,,,,,,,,,,,,,,,,,,,,,,,,,,,,,,,,,,,,,,,,,,,,,,
"Seasonal adjustment","Seasonally adjusted at annual rates",,,,,,,,,,,,,,,,,,,,,,,,,,,,,,,,,,,,,,,,,,,,,,,,,,,,,,,,,,,,,,,,,,,,,,,,,,,,,,,,,,,,,,,,,,,,,,,,,,,,,,,,,,,,,,,,,,,,,,,,,,,,,,,,,,,,,,,,,,,,,,,,,,,,,,,,,,,,,,,,,,,,,,,,,,,,,,,,,,,,,,,,,,,,,,,,,,,,,,,,,,,,,,,,,,,,,,,,,,,,,,,,,,,,,,,,,,,,,,,,,,,,,,,,,,,,,,,,,,
"Geography","Canada",,,,,,,,,,,,,,,,,,,,,,,,,,,,,,,,,,,,,,,,,,,,,,,,,,,,,,,,,,,,,,,,,,,,,,,,,,,,,,,,,,,,,,,,,,,,,,,,,,,,,,,,,,,,,,,,,,,,,,,,,,,,,,,,,,,,,,,,,,,,,,,,,,,,,,,,,,,,,,,,,,,,,,,,,,,,,,,,,,,,,,,,,,,,,,,,,,,,,,,,,,,,,,,,,,,,,,,,,,,,,,,,,,,,,,,,,,,,,,,,,,,,,,,,,,,,,,,,,,
"Estimates","Q1 1961","Q2 1961","Q3 1961","Q4 1961","Q1 1962","Q2 1962","Q3 1962","Q4 1962","Q1 1963","Q2 1963","Q3 1963","Q4 1963","Q1 1964","Q2 1964","Q3 1964","Q4 1964","Q1 1965","Q2 1965","Q3 1965","Q4 1965","Q1 1966","Q2 1966","Q3 1966","Q4 1966","Q1 1967","Q2 1967","Q3 1967","Q4 1967","Q1 1968","Q2 1968","Q3 1968","Q4 1968","Q1 1969","Q2 1969","Q3 1969","Q4 1969","Q1 1970","Q2 1970","Q3 1970","Q4 1970","Q1 1971","Q2 1971","Q3 1971","Q4 1971","Q1 1972","Q2 1972","Q3 1972","Q4 1972","Q1 1973","Q2 1973","Q3 1973","Q4 1973","Q1 1974","Q2 1974","Q3 1974","Q4 1974","Q1 1975","Q2 1975","Q3 1975","Q4 1975","Q1 1976","Q2 1976","Q3 1976","Q4 1976","Q1 1977","Q2 1977","Q3 1977","Q4 1977","Q1 1978","Q2 1978","Q3 1978","Q4 1978","Q1 1979","Q2 1979","Q3 1979","Q4 1979","Q1 1980","Q2 1980","Q3 1980","Q4 1980","Q1 1981","Q2 1981","Q3 1981","Q4 1981","Q1 1982","Q2 1982","Q3 1982","Q4 1982","Q1 1983","Q2 1983","Q3 1983","Q4 1983","Q1 1984","Q2 1984","Q3 1984","Q4 1984","Q1 1985","Q2 1985","Q3 1985","Q4 1985","Q1 1986","Q2 1986","Q3 1986","Q4 1986","Q1 1987","Q2 1987","Q3 1987","Q4 1987","Q1 1988","Q2 1988","Q3 1988","Q4 1988","Q1 1989","Q2 1989","Q3 1989","Q4 1989","Q1 1990","Q2 1990","Q3 1990","Q4 1990","Q1 1991","Q2 1991","Q3 1991","Q4 1991","Q1 1992","Q2 1992","Q3 1992","Q4 1992","Q1 1993","Q2 1993","Q3 1993","Q4 1993","Q1 1994","Q2 1994","Q3 1994","Q4 1994","Q1 1995","Q2 1995","Q3 1995","Q4 1995","Q1 1996","Q2 1996","Q3 1996","Q4 1996","Q1 1997","Q2 1997","Q3 1997","Q4 1997","Q1 1998","Q2 1998","Q3 1998","Q4 1998","Q1 1999","Q2 1999","Q3 1999","Q4 1999","Q1 2000","Q2 2000","Q3 2000","Q4 2000","Q1 2001","Q2 2001","Q3 2001","Q4 2001","Q1 2002","Q2 2002","Q3 2002","Q4 2002","Q1 2003","Q2 2003","Q3 2003","Q4 2003","Q1 2004","Q2 2004","Q3 2004","Q4 2004","Q1 2005","Q2 2005","Q3 2005","Q4 2005","Q1 2006","Q2 2006","Q3 2006","Q4 2006","Q1 2007","Q2 2007","Q3 2007","Q4 2007","Q1 2008","Q2 2008","Q3 2008","Q4 2008","Q1 2009","Q2 2009","Q3 2009","Q4 2009","Q1 2010","Q2 2010","Q3 2010","Q4 2010","Q1 2011","Q2 2011","Q3 2011","Q4 2011","Q1 2012","Q2 2012","Q3 2012","Q4 2012","Q1 2013","Q2 2013","Q3 2013","Q4 2013","Q1 2014","Q2 2014","Q3 2014","Q4 2014","Q1 2015","Q2 2015","Q3 2015","Q4 2015","Q1 2016","Q2 2016","Q3 2016","Q4 2016","Q1 2017","Q2 2017","Q3 2017","Q4 2017","Q1 2018","Q2 2018","Q3 2018","Q4 2018","Q1 2019","Q2 2019","Q3 2019","Q4 2019","Q1 2020","Q2 2020","Q3 2020","Q4 2020","Q1 2021","Q2 2021","Q3 2021","Q4 2021","Q1 2022","Q2 2022","Q3 2022","Q4 2022","Q1 2023","Q2 2023","Q3 2023","Q4 2023","Q1 2024","Q2 2024","Q3 2024","Q4 2024","Q1 2025","Q2 2025","Q3 2025"
,"Dollars",,,,,,,,,,,,,,,,,,,,,,,,,,,,,,,,,,,,,,,,,,,,,,,,,,,,,,,,,,,,,,,,,,,,,,,,,,,,,,,,,,,,,,,,,,,,,,,,,,,,,,,,,,,,,,,,,,,,,,,,,,,,,,,,,,,,,,,,,,,,,,,,,,,,,,,,,,,,,,,,,,,,,,,,,,,,,,,,,,,,,,,,,,,,,,,,,,,,,,,,,,,,,,,,,,,,,,,,,,,,,,,,,,,,,,,,,,,,,,,,,,,,,,,,,,,,,,,,,,
"Final consumption expenditure","31,984","32,588","33,560","33,776","34,604","35,216","35,212","36,104","36,568","37,396","37,980","38,860","39,832","40,044","40,904","41,836","42,352","43,660","44,712","46,036","47,256","48,372","49,840","50,860","51,696","53,736","54,432","55,960","57,300","58,308","60,364","62,148","63,628","64,648","66,292","67,936","69,092","70,756","71,732","72,992","72,996","76,888","79,004","81,676","82,564","85,292","87,924","91,344","94,496","96,876","99,992","104,756","109,632","114,456","119,780","123,176","128,312","133,820","140,564","144,556","147,636","155,404","156,440","163,840","167,708","171,772","176,748","181,120","185,684","190,152","195,280","200,636","206,964","212,468","217,008","222,536","229,440","235,760","246,010","254,174","262,788","269,508","277,232","282,848","286,808","293,992","300,904","307,380","311,328","319,960","328,956","335,520","341,652","346,928","351,788","359,916","369,568","376,864","384,244","392,900","398,552","403,596","413,588","418,248","426,824","437,228","441,896","451,532","459,440","469,636","478,260","488,136","494,928","511,504","517,160","524,104","538,156","539,144","548,776","556,680","558,092","571,396","574,588","578,016","581,980","586,072","592,928","599,716","601,084","607,472","611,340","616,528","619,924","624,908","629,776","636,408","638,224","643,424","647,560","648,320","656,148","661,576","662,904","674,016","685,560","691,040","699,944","706,892","713,468","721,104","728,164","731,112","744,228","754,428","769,152","778,868","792,972","811,132","823,560","830,400","839,072","851,632","857,376","867,372","881,500","898,784","911,964","926,548","935,980","942,468","955,552","958,924","974,912","984,468","995,336","1,006,284","1,023,056","1,037,292","1,050,040","1,062,324","1,079,480","1,097,148","1,111,392","1,121,952","1,140,860","1,161,368","1,172,856","1,193,444","1,212,300","1,231,436","1,241,872","1,231,212","1,228,580","1,240,256","1,255,332","1,275,032","1,287,240","1,297,192","1,312,704","1,332,504","1,345,104","1,360,452","1,374,388","1,387,620","1,395,452","1,400,720","1,413,340","1,423,992","1,439,696","1,449,384","1,465,740","1,478,632","1,494,408","1,511,832","1,525,620","1,537,644","1,545,556","1,555,784","1,576,564","1,586,956","1,593,000","1,603,968","1,615,308","1,631,540","1,655,348","1,678,092","1,690,452","1,713,096","1,732,360","1,751,292","1,766,548","1,775,924","1,789,348","1,804,008","1,818,620","1,845,028","1,823,932","1,625,380","1,795,420","1,818,752","1,850,212","1,863,900","1,954,716","1,997,116","2,057,600","2,127,084","2,156,604","2,192,268","2,212,808","2,245,560","2,277,212","2,309,484","2,334,996","2,374,440","2,420,900","2,448,348","2,475,280","2,506,876","2,522,688"
"Household final consumption expenditure","25,196","25,684","26,328","26,520","27,204","27,516","27,540","28,240","28,532","29,252","29,604","30,288","30,888","31,120","31,888","32,420","32,756","33,860","34,556","35,608","36,264","36,880","37,824","38,316","38,928","40,168","40,596","41,816","42,836","43,436","44,664","45,752","47,088","47,596","48,508","49,640","49,716","50,348","51,440","52,124","52,244","54,692","56,416","58,292","59,084","61,160","62,664","64,832","67,576","69,532","71,744","74,508","78,400","81,336","84,220","86,060","90,072","92,932","97,192","101,048","102,924","107,296","109,468","113,316","115,916","117,992","122,720","126,056","129,652","132,820","136,596","140,316","144,964","148,488","152,048","155,928","160,552","164,212","171,584","177,904","183,864","188,152","191,908","195,984","197,408","201,820","205,872","209,644","215,060","220,216","227,116","232,220","237,300","241,292","244,116","250,072","256,064","261,648","269,032","273,612","278,316","282,992","290,144","293,620","299,812","307,308","312,276","318,784","323,548","331,616","337,720","345,500","350,084","360,504","363,644","368,656","377,640","376,564","381,124","384,916","384,944","394,100","396,708","397,192","399,628","402,796","407,892","411,256","414,924","418,744","423,136","428,144","433,604","435,024","439,308","445,936","447,164","452,588","458,104","459,084","466,832","471,220","474,864","485,368","494,624","500,624","507,948","514,376","515,676","523,380","528,316","531,536","540,372","548,376","558,312","566,976","575,536","583,612","595,828","601,136","606,376","614,596","616,472","623,272","634,584","648,388","656,668","666,780","672,940","677,428","687,100","687,360","700,760","709,360","717,072","724,568","738,364","748,504","757,540","765,244","779,144","789,056","799,500","806,868","821,208","837,348","846,584","862,976","873,300","880,684","888,472","871,580","866,320","873,628","886,432","900,400","911,508","919,440","930,732","945,200","952,556","963,132","970,660","981,988","989,668","993,188","1,000,460","1,008,896","1,021,024","1,032,568","1,044,832","1,053,920","1,065,680","1,082,060","1,093,188","1,104,084","1,105,264","1,114,204","1,129,568","1,139,280","1,141,184","1,147,040","1,156,132","1,170,316","1,187,868","1,204,248","1,214,164","1,230,332","1,244,136","1,256,980","1,268,840","1,271,828","1,283,608","1,295,792","1,303,680","1,320,184","1,292,980","1,097,836","1,249,480","1,263,688","1,278,468","1,288,880","1,373,012","1,405,068","1,442,984","1,511,092","1,533,028","1,558,424","1,578,088","1,592,732","1,609,692","1,628,576","1,646,216","1,667,484","1,694,808","1,715,372","1,731,148","1,751,396","1,764,252"
"Goods","15,260","15,664","16,064","16,060","16,768","16,896","16,844","17,380","17,536","17,960","18,100","18,560","18,944","19,004","19,472","19,676","19,924","20,664","21,112","21,768","22,168","22,364","22,972","23,080","23,436","24,448","24,648","25,032","25,516","25,808","26,476","27,048","27,932","28,116","28,500","29,220","29,048","29,168","29,924","30,540","30,360","31,792","32,924","34,416","34,828","36,028","36,804","38,416","40,192","41,436","42,756","44,768","47,472","49,280","50,868","51,160","53,440","55,304","57,920","60,240","60,024","62,468","62,900","65,300","66,004","67,048","69,416","71,676","72,864","74,840","76,960","78,880","82,348","84,352","86,624","88,396","90,472","92,008","96,920","100,616","104,100","105,704","107,984","110,416","109,700","111,928","113,436","114,428","117,108","120,224","124,340","127,436","130,352","133,024","133,936","137,496","140,916","143,580","148,064","151,420","152,156","153,880","158,504","158,780","160,268","165,592","168,036","171,276","173,692","176,372","179,792","182,976","183,700","189,680","189,584","191,172","194,456","193,200","194,216","195,012","193,100","199,256","199,216","196,244","196,932","198,308","200,304","202,196","203,564","204,400","205,896","206,864","209,984","209,224","211,160","214,816","214,348","216,624","219,096","218,688","220,860","223,832","224,272","230,448","234,388","238,324","241,956","244,648","243,652","249,100","251,040","251,068","256,644","261,252","267,988","271,484","276,064","279,528","286,716","287,472","289,640","296,984","295,052","299,236","306,352","312,324","316,008","322,720","327,868","327,480","331,796","327,136","334,760","338,944","342,420","346,860","351,856","355,484","359,928","360,984","367,736","373,420","377,228","375,596","383,476","393,404","393,420","398,892","405,288","409,328","413,420","397,144","391,720","395,148","400,624","405,384","412,096","412,096","417,924","424,940","426,912","432,016","434,864","439,972","444,196","441,824","444,528","447,984","452,848","457,256","463,880","468,016","472,496","480,732","484,800","487,280","483,656","488,232","495,888","500,012","500,092","503,020","503,492","512,460","522,872","530,992","532,920","541,804","549,356","555,004","560,408","558,704","561,272","567,568","568,000","572,120","551,612","496,596","586,644","592,660","599,924","593,264","622,136","637,456","662,432","684,968","684,504","693,476","702,988","706,540","709,208","714,628","712,500","716,576","725,904","737,536","749,164","745,176","746,448"
"Durable goods","2,828","2,984","3,212","3,160","3,404","3,408","3,312","3,548","3,564","3,772","3,680","4,024","4,136","4,096","4,256","4,144","4,380","4,688","4,768","4,892","5,084","4,756","5,160","5,276","5,188","5,656","5,588","5,548","5,788","5,928","6,140","6,344","6,680","6,532","6,556","6,776","6,324","6,392","6,660","6,460","6,648","7,164","7,612","8,228","8,132","8,648","8,852","9,516","10,296","10,360","10,560","11,084","11,908","12,416","12,792","12,172","13,064","13,640","14,604","15,808","14,756","16,008","15,716","16,748","16,988","16,628","16,996","17,516","17,728","18,480","19,108","19,444","20,520","21,060","21,696","21,784","22,280","21,576","23,576","24,208","25,188","25,524","24,620","25,208","23,324","23,460","23,420","24,092","25,304","26,928","28,376","29,548","31,132","31,692","32,232","33,568","34,744","36,628","38,176","39,580","40,176","40,768","42,900","42,156","43,348","45,068","45,644","47,444","48,736","49,592","50,404","51,676","51,412","54,120","51,984","52,468","53,892","51,532","51,096","50,304","47,744","51,244","50,668","48,628","49,528","49,636","50,352","50,588","50,428","50,812","51,688","52,040","53,788","54,416","54,412","57,348","55,656","55,536","57,448","57,588","57,992","58,636","59,672","63,104","64,796","66,864","68,400","71,896","68,080","71,824","72,472","71,984","74,892","75,672","78,876","80,000","81,544","82,068","84,340","81,484","83,332","84,872","84,588","89,436","91,912","93,292","93,312","96,020","95,852","96,896","98,948","94,676","96,996","97,876","98,532","100,116","101,736","102,644","103,388","103,308","106,356","107,444","109,664","110,416","112,020","116,220","114,992","115,580","118,924","117,260","115,848","108,700","104,564","108,564","112,220","113,616","114,784","115,144","117,064","118,588","116,968","117,480","117,100","120,100","123,160","120,724","120,644","121,516","124,284","127,604","128,172","127,800","129,568","133,724","136,556","137,620","135,892","138,616","142,448","145,624","147,652","147,436","147,748","151,780","158,092","161,412","161,272","163,332","165,456","166,620","166,968","167,260","168,372","168,296","168,532","168,392","149,172","128,132","177,072","179,380","179,180","178,892","183,160","188,520","197,392","198,564","197,948","200,036","206,740","206,740","209,184","216,196","215,168","212,412","217,924","223,580","222,844","225,876","223,832"
"Semi-durable goods","3,120","3,108","3,168","3,252","3,348","3,448","3,428","3,516","3,500","3,608","3,648","3,696","3,796","3,716","3,892","3,988","3,908","4,004","4,204","4,300","4,416","4,536","4,440","4,432","4,620","4,816","4,812","5,088","5,036","5,196","5,248","5,276","5,548","5,604","5,712","5,680","5,824","5,748","5,916","6,084","6,020","6,224","6,460","6,744","6,800","7,188","7,372","7,496","7,804","8,004","8,248","8,784","9,240","9,676","10,000","10,040","10,420","10,632","11,160","11,380","11,840","12,512","12,700","13,044","13,240","13,220","13,748","14,072","14,292","14,364","14,956","15,548","16,124","16,568","17,160","17,588","17,784","18,256","18,968","19,548","20,292","20,508","20,784","21,148","20,660","21,044","21,240","21,532","22,276","22,504","23,100","23,452","23,940","24,780","24,824","25,296","25,652","26,148","26,860","27,604","27,584","28,492","29,140","29,500","29,740","30,352","30,820","31,660","31,512","32,204","32,860","33,648","33,616","34,392","34,632","34,484","35,288","34,792","34,856","34,908","34,272","35,268","35,104","35,300","34,804","35,016","35,636","36,016","36,284","36,640","36,864","36,888","37,568","37,936","38,804","39,380","39,732","39,876","39,996","39,376","39,736","39,948","40,212","40,588","41,288","41,776","42,604","42,732","44,348","44,308","44,676","44,916","45,836","46,580","47,392","47,352","48,188","48,532","49,792","50,300","50,916","51,700","51,088","52,412","53,688","54,208","53,896","54,436","55,192","55,492","55,596","55,656","56,876","57,096","57,612","57,496","58,964","59,520","59,420","59,952","61,860","62,736","63,292","63,524","64,852","65,428","66,392","66,592","66,524","67,344","68,044","66,920","66,108","66,076","66,052","66,236","68,296","67,824","68,112","69,024","68,716","69,480","70,072","70,756","71,648","71,184","71,560","71,944","72,580","72,712","74,440","75,048","74,328","76,396","77,572","78,432","78,808","80,044","81,056","82,252","82,248","81,824","81,760","82,204","83,212","84,616","85,660","86,464","87,336","87,772","88,964","88,840","89,640","90,748","90,844","91,616","83,512","68,452","90,864","89,676","89,976","86,112","100,408","101,260","101,364","108,196","107,148","107,580","111,508","111,276","107,252","107,192","106,364","108,208","109,224","111,548","115,568","117,400","118,544"
"Non-durable goods","9,312","9,572","9,684","9,648","10,016","10,040","10,104","10,316","10,472","10,580","10,772","10,840","11,012","11,192","11,324","11,544","11,636","11,972","12,140","12,576","12,668","13,072","13,372","13,372","13,628","13,976","14,248","14,396","14,692","14,684","15,088","15,428","15,704","15,980","16,232","16,764","16,900","17,028","17,348","17,996","17,692","18,404","18,852","19,444","19,896","20,192","20,580","21,404","22,092","23,072","23,948","24,900","26,324","27,188","28,076","28,948","29,956","31,032","32,156","33,052","33,428","33,948","34,484","35,508","35,776","37,200","38,672","40,088","40,844","41,996","42,896","43,888","45,704","46,724","47,768","49,024","50,408","52,176","54,376","56,860","58,620","59,672","62,580","64,060","65,716","67,424","68,776","68,804","69,528","70,792","72,864","74,436","75,280","76,552","76,880","78,632","80,520","80,804","83,028","84,236","84,396","84,620","86,464","87,124","87,180","90,172","91,572","92,172","93,444","94,576","96,528","97,652","98,672","101,168","102,968","104,220","105,276","106,876","108,264","109,800","111,084","112,744","113,444","112,316","112,600","113,656","114,316","115,592","116,852","116,948","117,344","117,936","118,628","116,872","117,944","118,088","118,960","121,212","121,652","121,724","123,132","125,248","124,388","126,756","128,304","129,684","130,952","130,020","131,224","132,968","133,892","134,168","135,916","139,000","141,720","144,132","146,332","148,928","152,584","155,688","155,392","160,412","159,376","157,388","160,752","164,824","168,800","172,264","176,824","175,092","177,252","176,804","180,888","183,972","186,276","189,248","191,156","193,320","197,120","197,724","199,520","203,240","204,272","201,656","206,604","211,756","212,036","216,720","219,840","224,724","229,528","221,524","221,048","220,508","222,352","225,532","229,016","229,128","232,748","237,328","241,228","245,056","247,692","249,116","249,388","249,916","252,324","254,524","255,984","256,940","261,268","265,168","268,600","270,612","270,672","271,228","268,956","269,572","272,384","272,136","270,192","273,760","273,984","278,476","281,568","284,964","285,988","292,008","296,564","300,612","304,476","302,604","303,260","308,524","308,624","312,112","318,928","300,012","318,708","323,604","330,768","328,260","338,568","347,676","363,676","378,208","379,408","385,860","384,740","388,524","392,772","391,240","390,968","395,956","398,756","402,408","410,752","401,900","404,072"
"Services","9,936","10,020","10,264","10,460","10,436","10,620","10,696","10,860","10,996","11,292","11,504","11,728","11,944","12,116","12,416","12,744","12,832","13,196","13,444","13,840","14,096","14,516","14,852","15,236","15,492","15,720","15,948","16,784","17,320","17,628","18,188","18,704","19,156","19,480","20,008","20,420","20,668","21,180","21,516","21,584","21,884","22,900","23,492","23,876","24,256","25,132","25,860","26,416","27,384","28,096","28,988","29,740","30,928","32,056","33,352","34,900","36,632","37,628","39,272","40,808","42,900","44,828","46,568","48,016","49,912","50,944","53,304","54,380","56,788","57,980","59,636","61,436","62,616","64,136","65,424","67,532","70,080","72,204","74,664","77,288","79,764","82,448","83,924","85,568","87,708","89,892","92,436","95,216","97,952","99,992","102,776","104,784","106,948","108,268","110,180","112,576","115,148","118,068","120,968","122,192","126,160","129,112","131,640","134,840","139,544","141,716","144,240","147,508","149,856","155,244","157,928","162,524","166,384","170,824","174,060","177,484","183,184","183,364","186,908","189,904","191,844","194,844","197,492","200,948","202,696","204,488","207,588","209,060","211,360","214,344","217,240","221,280","223,620","225,800","228,148","231,120","232,816","235,964","239,008","240,396","245,972","247,388","250,592","254,920","260,236","262,300","265,992","269,728","272,024","274,280","277,276","280,468","283,728","287,124","290,324","295,492","299,472","304,084","309,112","313,664","316,736","317,612","321,420","324,036","328,232","336,064","340,660","344,060","345,072","349,948","355,304","360,224","366,000","370,416","374,652","377,708","386,508","393,020","397,612","404,260","411,408","415,636","422,272","431,272","437,732","443,944","453,164","464,084","468,012","471,356","475,052","474,436","474,600","478,480","485,808","495,016","499,412","507,344","512,808","520,260","525,644","531,116","535,796","542,016","545,472","551,364","555,932","560,912","568,176","575,312","580,952","585,904","593,184","601,328","608,388","616,804","621,608","625,972","633,680","639,268","641,092","644,020","652,640","657,856","664,996","673,256","681,244","688,528","694,780","701,976","708,432","713,124","722,336","728,224","735,680","748,064","741,368","601,240","662,836","671,028","678,544","695,616","750,876","767,612","780,552","826,124","848,524","864,948","875,100","886,192","900,484","913,948","933,716","950,908","968,904","977,836","981,984","1,006,220","1,017,804"
"Non-profit institutions serving households' final consumption expenditure","344","364","376","384","396","416","440","460","464","488","488","496","508","508","516","548","564","576","608","620","648","664","696","716","708","732","744","732","720","720","728","732","752","784","828","836","864","888","900","928","912","980","1,036","1,040","1,120","1,148","1,216","1,268","1,244","1,260","1,320","1,400","1,456","1,616","1,612","1,660","1,744","1,832","1,932","2,016","2,132","2,252","2,304","2,380","2,392","2,472","2,468","2,488","2,548","2,612","2,744","2,824","2,984","3,232","3,228","3,356","3,492","3,560","3,690","3,958","4,296","4,256","4,264","4,308","4,340","4,424","4,572","4,664","4,704","4,700","4,796","4,948","4,844","5,048","5,160","5,252","5,540","5,560","5,436","5,572","5,736","5,756","5,996","6,032","6,068","6,272","6,252","6,652","6,788","6,752","6,788","7,124","7,384","7,672","7,876","7,844","8,104","8,316","8,424","8,428","8,572","8,696","8,820","8,888","9,020","9,140","9,208","9,280","9,356","9,404","9,460","9,504","9,480","9,640","9,744","9,868","9,852","9,972","10,104","10,192","10,368","10,484","10,640","10,844","11,244","11,404","11,420","11,600","11,852","11,968","12,232","12,604","12,936","13,340","13,668","13,748","13,812","13,960","14,240","14,624","14,912","15,204","15,608","15,848","16,476","16,884","17,212","17,420","17,504","17,404","17,332","17,272","17,332","17,672","18,096","18,684","19,052","19,456","19,784","20,056","20,420","20,732","20,904","21,060","20,952","21,064","21,484","22,080","23,244","23,940","24,252","24,312","23,832","23,040","22,516","22,484","22,196","22,620","23,088","23,692","24,036","24,588","24,908","25,132","25,336","25,428","25,636","25,812","26,836","26,336","26,380","26,164","26,328","26,612","26,940","27,424","27,204","28,192","28,756","30,148","29,976","31,176","31,472","31,180","31,448","31,668","32,104","32,420","33,144","33,596","33,896","34,228","34,520","35,008","35,652","36,308","36,720","34,036","35,484","36,924","36,260","36,688","37,324","38,380","39,268","40,560","41,264","41,768","43,044","44,288","45,432","46,100","46,752","47,084","47,584","47,844","48,120","48,672","49,160"
"General governments final consumption expenditure","6,444","6,540","6,856","6,872","7,004","7,284","7,232","7,404","7,572","7,656","7,888","8,076","8,436","8,416","8,500","8,868","9,032","9,224","9,548","9,808","10,344","10,828","11,320","11,828","12,060","12,836","13,092","13,412","13,744","14,152","14,972","15,664","15,788","16,268","16,956","17,460","18,512","19,520","19,392","19,940","19,840","21,216","21,552","22,344","22,360","22,984","24,044","25,244","25,676","26,084","26,928","28,848","29,776","31,504","33,948","35,456","36,496","39,056","41,440","41,492","42,580","45,856","44,668","48,144","49,400","51,308","51,560","52,576","53,484","54,720","55,940","57,496","59,016","60,748","61,732","63,252","65,396","67,988","70,736","72,312","74,628","77,100","81,060","82,556","85,060","87,748","90,460","93,072","91,564","95,044","97,044","98,352","99,508","100,588","102,512","104,592","107,964","109,656","109,776","113,716","114,500","114,848","117,448","118,596","120,944","123,648","123,368","126,096","129,104","131,268","133,752","135,512","137,460","143,328","145,640","147,604","152,412","154,264","159,228","163,336","164,576","168,600","169,060","171,936","173,332","174,136","175,828","179,180","176,804","179,324","178,744","178,880","176,840","180,244","180,724","180,604","181,208","180,864","179,352","179,044","178,948","179,872","177,400","177,804","179,692","179,012","180,576","180,916","185,940","185,756","187,616","186,972","190,920","192,712","197,172","198,144","203,624","213,560","213,492","214,640","217,784","221,832","225,296","228,252","230,440","233,512","238,084","242,348","245,536","247,636","251,120","254,292","256,820","257,436","260,168","263,032","265,640","269,332","272,716","277,024","279,916","287,360","290,988","294,024","298,700","302,956","304,788","308,388","315,756","326,812","329,148","335,320","338,428","343,588","346,384","352,148","353,536","355,132","358,884","363,612","368,512","372,732","378,820","380,500","380,448","382,104","387,244","389,284","391,836","390,480","394,528","398,548","402,400","403,160","405,492","406,136","413,088","413,388","418,240","417,528","421,840","425,752","427,704","430,044","436,032","442,176","444,184","450,344","455,080","460,716","463,812","469,868","471,220","473,208","479,288","488,536","494,232","493,508","510,456","518,140","535,484","538,332","544,380","553,668","575,348","575,432","582,312","592,076","591,676","608,540","622,088","634,808","642,028","659,872","678,508","685,132","696,012","706,808","709,276"
"Gross fixed capital formation","9,096","9,152","9,452","9,488","9,600","9,664","10,028","10,004","10,012","10,268","10,580","11,084","11,656","11,940","12,208","13,076","13,392","13,780","14,592","15,316","16,096","16,720","16,660","16,936","17,280","17,296","17,092","16,860","17,220","17,376","17,408","17,964","18,648","19,088","19,360","19,692","19,948","19,536","20,236","20,864","21,174","22,528","23,538","24,208","24,392","25,244","25,592","25,552","27,436","29,260","30,832","33,240","35,936","36,556","37,776","38,524","39,712","41,916","44,588","46,560","47,694","49,566","48,830","49,914","51,207","52,563","53,999","54,171","54,936","57,488","58,552","60,376","62,653","64,729","69,481","71,257","73,779","73,543","78,291","82,479","88,252","93,080","93,220","94,096","92,548","87,280","84,284","86,316","85,868","88,236","89,784","90,412","91,916","92,308","93,600","94,716","97,416","102,424","106,316","107,996","109,740","110,460","110,660","112,280","116,440","122,972","129,732","133,056","137,268","139,524","144,744","145,896","153,168","152,372","153,008","158,268","157,932","153,808","149,016","143,068","141,756","142,184","141,984","142,896","142,912","138,156","140,228","135,788","135,056","137,588","140,644","144,200","148,496","154,076","155,208","156,608","154,108","152,844","151,380","151,988","155,612","156,720","163,256","171,240","175,916","182,556","187,576","190,356","191,852","192,448","193,000","196,008","197,876","202,764","204,472","208,896","211,748","215,572","218,540","221,264","228,620","232,616","232,400","228,940","233,252","235,772","241,068","243,660","245,160","244,908","254,448","259,900","268,400","277,512","282,052","287,344","295,972","306,232","315,356","324,180","334,016","340,212","344,700","351,048","361,592","366,772","371,136","373,340","384,724","389,364","394,552","386,924","347,044","342,228","349,260","363,536","377,948","388,948","394,676","401,928","407,836","414,344","418,996","427,188","442,080","447,952","448,120","452,084","453,304","456,476","462,732","467,892","472,580","481,116","490,800","501,672","485,440","473,912","470,860","468,716","463,300","459,160","464,068","458,520","475,560","481,052","483,480","503,296","505,408","510,932","507,472","504,040","514,296","517,156","529,068","529,088","524,380","454,752","528,924","551,192","581,440","605,560","600,356","625,656","663,832","661,536","658,972","660,156","667,524","688,280","690,872","686,100","692,288","710,324","711,504","734,580","731,420","737,028","742,244"
"Business gross fixed capital formation","6,916","6,904","7,112","7,064","7,064","7,092","7,436","7,396","7,392","7,624","7,912","8,344","8,984","9,196","9,388","10,132","10,232","10,536","11,188","11,740","12,320","12,816","12,756","12,932","13,228","13,184","12,996","12,720","13,040","13,164","13,248","13,740","14,424","14,836","15,040","15,376","15,668","15,272","15,820","16,240","16,272","17,316","18,152","18,792","19,036","19,752","20,104","20,192","22,064","23,684","24,940","27,184","29,556","29,732","30,368","30,880","32,004","33,884","36,488","38,120","39,224","41,036","40,428","41,416","42,484","43,324","44,480","44,416","45,304","47,524","48,612","50,240","52,384","54,324","58,788","60,364","62,212","61,484","65,772","69,456","74,892","79,104","78,612","79,128","77,112","71,712","68,500","70,072","69,912","72,156","73,380","73,824","74,864","74,856","75,696","76,176","78,500","82,592","85,988","87,508","89,436","90,500","91,108","92,856","96,540","102,672","109,176","112,344","115,628","117,500","122,212","123,172","129,712","128,696","128,412","132,592","131,660","127,368","122,244","116,432","115,660","115,160","115,208","115,680","115,836","111,096","113,472","109,488","108,212","110,868","113,928","117,368","121,044","126,152","126,280","127,076","125,248","124,008","122,576","123,112","126,768","128,720","135,176","143,512","148,788","155,168","159,804","162,872","164,104","164,964","165,716","168,128","168,432","171,712","172,840","176,192","179,080","182,660","184,984","187,104","192,572","196,028","195,076","189,732","193,980","196,712","200,868","203,644","204,552","203,848","212,744","218,340","225,388","233,664","237,884","241,376","248,108","256,120","263,716","270,816","280,064","285,396","289,216","294,476","302,668","306,200","309,432","311,584","318,884","322,120","325,324","316,048","277,552","270,740","273,468","283,104","296,304","305,804","311,592","318,432","325,860","334,172","341,512","351,084","363,548","368,776","369,020","373,436","375,304","381,060","386,508","392,484","397,088","405,424","414,612","425,240","405,660","395,020","391,868","389,180","383,056","380,780","386,080","378,868","393,720","397,572","397,340","413,180","414,048","421,332","417,408","417,088","427,428","429,752","439,432","439,132","433,436","366,408","437,320","458,976","486,624","510,360","503,436","526,560","560,740","556,120","555,092","553,780","555,964","574,352","574,420","567,268","569,248","585,080","583,740","602,744","600,428","603,672","604,640"
"Residential structures","2,136","2,192","2,264","2,196","2,196","2,212","2,360","2,304","2,256","2,348","2,372","2,632","2,828","2,768","2,844","3,140","3,160","3,136","3,212","3,220","3,304","3,444","3,132","3,080","3,264","3,424","3,676","3,704","3,744","4,108","4,068","4,436","4,728","5,008","4,900","4,856","4,728","4,268","4,488","4,956","4,956","5,484","6,020","6,236","6,288","6,728","7,052","6,976","7,596","8,428","8,696","9,524","10,736","10,532","10,176","9,584","9,328","9,992","11,440","12,580","13,356","14,332","14,656","14,568","14,668","14,976","15,204","15,104","15,488","16,060","16,076","16,316","16,776","16,796","17,404","17,488","17,484","16,096","17,636","19,092","20,748","22,584","21,088","19,280","18,708","16,604","16,572","18,380","19,656","22,172","22,496","21,472","22,048","22,184","22,636","23,124","23,168","23,864","25,968","27,924","28,076","29,884","31,456","32,892","35,972","38,192","40,392","40,240","40,728","42,080","42,412","43,816","47,148","45,484","46,104","47,920","46,956","43,344","39,864","36,188","35,164","36,300","37,112","37,972","39,396","39,104","40,240","40,116","39,324","39,392","39,240","39,940","42,396","43,424","42,416","40,700","37,964","35,676","35,048","35,104","36,204","38,408","40,548","42,128","42,668","43,456","43,000","43,448","42,812","42,124","41,752","41,716","42,692","44,888","45,548","46,376","45,536","46,952","48,840","50,216","51,740","53,744","55,108","58,140","62,468","64,344","66,136","68,508","68,640","68,232","72,636","75,244","78,592","82,132","83,768","85,512","86,040","89,308","90,332","91,756","97,076","98,292","97,776","99,496","107,428","110,144","111,860","113,272","112,032","110,816","110,276","102,896","93,980","97,676","103,064","110,292","113,852","113,516","111,620","112,352","115,152","116,116","119,664","121,272","127,384","128,032","127,296","128,208","127,192","129,200","129,644","130,400","129,464","133,532","138,092","139,832","140,976","141,924","145,656","147,228","152,052","154,208","155,204","158,380","165,068","163,500","163,244","170,356","167,628","168,320","167,620","164,408","160,828","167,152","172,300","174,716","169,772","147,060","202,168","216,416","237,232","244,956","230,916","243,392","266,272","246,940","236,548","230,600","221,760","226,692","234,052","232,804","231,424","230,276","235,176","245,184","239,244","242,504","246,252"
"Non-residential structures, machinery and equipment","4,556","4,484","4,620","4,644","4,648","4,656","4,844","4,860","4,908","5,040","5,296","5,456","5,888","6,152","6,248","6,680","6,752","7,060","7,616","8,152","8,640","8,980","9,212","9,428","9,540","9,316","8,860","8,540","8,812","8,568","8,680","8,800","9,192","9,304","9,580","9,928","10,328","10,360","10,676","10,640","10,708","11,232","11,532","11,948","12,128","12,380","12,376","12,524","13,776","14,540","15,500","16,888","18,036","18,368","19,308","20,360","21,704","22,868","23,972","24,432","24,456","25,248","24,240","25,244","26,172","26,612","27,444","27,408","27,884","29,440","30,400","31,684","33,292","35,040","38,688","39,968","41,628","42,068","44,560","46,596","50,412","52,620","53,452","55,612","54,032","50,800","47,792","47,504","46,192","45,792","46,528","47,760","47,904","47,636","47,848","47,804","49,888","52,936","53,988","53,604","55,180","54,588","53,772","53,844","54,492","58,012","61,988","65,056","67,680","67,896","71,888","71,480","74,788","75,508","74,720","76,796","76,472","75,768","73,512","71,148","71,388","70,092","69,504","69,248","68,124","63,516","64,396","60,328","59,452","61,388","64,116","65,992","66,256","69,752","70,356","72,748","73,728","75,132","74,216","74,408","76,408","76,216","80,140","86,200","91,092","96,040","100,720","102,724","103,812","104,612","105,164","106,948","107,356","108,332","108,452","110,860","112,580","113,728","112,952","112,736","114,436","115,392","114,428","107,188","107,160","108,464","110,128","109,768","109,860","109,540","113,176","116,472","119,088","122,816","124,676","125,676","131,216","134,976","140,120","145,504","149,956","154,008","158,136","160,484","161,528","161,636","162,088","162,488","169,204","173,900","177,784","176,976","151,624","142,288","139,480","141,016","148,916","157,496","164,324","170,432","175,140","180,876","183,512","191,196","196,468","202,896","203,812","207,968","210,888","214,188","218,432","224,044","228,128","232,940","237,332","244,656","226,356","216,744","210,196","205,492","194,440","189,608","194,900","184,456","190,052","194,200","192,960","202,684","202,384","208,072","205,288","206,588","218,488","214,832","219,028","216,940","215,360","174,100","187,380","192,732","195,112","209,864","216,288","227,172","233,900","245,556","253,576","256,192","264,712","277,820","269,244","262,984","264,748","279,992","271,740","279,708","282,472","282,776","280,132"
"Non-residential structures","2,424","2,452","2,532","2,552","2,444","2,416","2,468","2,464","2,496","2,564","2,628","2,728","2,912","3,036","3,140","3,284","3,364","3,440","3,592","3,808","4,172","4,336","4,400","4,444","4,408","4,292","4,208","4,168","4,244","4,248","4,252","4,268","4,356","4,392","4,512","4,696","4,996","5,052","5,208","5,360","5,436","5,680","5,804","5,876","5,876","5,984","6,004","6,100","6,520","6,892","7,344","7,952","8,568","8,732","9,176","9,708","10,368","11,096","11,728","12,552","12,096","12,156","11,352","11,360","12,104","13,120","13,452","13,716","13,796","14,320","14,408","14,680","15,460","16,824","18,592","19,264","20,772","21,060","21,956","23,020","24,724","25,572","26,468","28,024","27,624","26,140","24,080","24,188","23,268","22,864","22,756","23,316","23,376","23,296","23,680","23,124","23,960","25,996","25,980","25,264","26,504","24,356","23,264","23,356","23,724","26,000","27,392","28,736","28,888","30,128","31,640","32,756","33,932","33,124","33,908","34,792","35,088","35,564","35,160","34,168","33,804","33,560","32,684","32,628","30,200","27,648","27,688","25,776","26,372","27,600","28,104","29,204","29,056","30,020","30,916","31,656","32,316","31,088","31,040","30,348","30,580","31,840","33,044","34,896","37,568","39,616","40,976","40,764","40,472","39,908","39,364","39,688","41,180","42,148","43,008","43,996","44,296","43,608","42,852","43,568","45,152","46,176","46,356","45,900","44,712","44,316","44,544","44,532","46,176","47,044","48,708","50,492","52,128","54,212","56,040","57,156","59,624","61,704","64,392","67,344","70,316","73,848","77,420","79,340","79,148","80,852","82,956","83,952","89,836","94,160","96,332","94,200","81,116","75,256","73,824","75,036","83,640","89,212","95,440","101,556","106,040","106,720","112,736","118,320","122,704","127,148","129,728","134,388","137,508","139,880","144,640","147,752","152,044","154,876","157,500","160,640","145,388","138,440","131,524","126,376","121,632","117,096","127,732","117,640","117,300","118,724","121,228","123,928","123,440","124,780","124,540","124,208","126,900","128,560","131,844","135,224","134,828","112,756","111,616","110,980","119,776","127,684","133,736","140,164","145,520","152,048","156,200","163,148","167,360","174,100","169,416","164,092","164,552","172,568","172,956","174,140","173,920","180,928","180,968"
"Machinery and equipment","2,132","2,032","2,088","2,092","2,204","2,240","2,376","2,396","2,412","2,476","2,668","2,728","2,976","3,116","3,108","3,396","3,388","3,620","4,024","4,344","4,468","4,644","4,812","4,984","5,132","5,024","4,652","4,372","4,568","4,320","4,428","4,532","4,836","4,912","5,068","5,232","5,332","5,308","5,468","5,280","5,272","5,552","5,728","6,072","6,252","6,396","6,372","6,424","7,256","7,648","8,156","8,936","9,468","9,636","10,132","10,652","11,336","11,772","12,244","11,880","12,360","13,092","12,888","13,884","14,068","13,492","13,992","13,692","14,088","15,120","15,992","17,004","17,832","18,216","20,096","20,704","20,856","21,008","22,604","23,576","25,688","27,048","26,984","27,588","26,408","24,660","23,712","23,316","22,924","22,928","23,772","24,444","24,528","24,340","24,168","24,680","25,928","26,940","28,008","28,340","28,676","30,232","30,508","30,488","30,768","32,012","34,596","36,320","38,792","37,768","40,248","38,724","40,856","42,384","40,812","42,004","41,384","40,204","38,352","36,980","37,584","36,532","36,820","36,620","37,924","35,868","36,708","34,552","33,080","33,788","36,012","36,788","37,200","39,732","39,440","41,092","41,412","44,044","43,176","44,060","45,828","44,376","47,096","51,304","53,524","56,424","59,744","61,960","63,340","64,704","65,800","67,260","66,176","66,184","65,444","66,864","68,284","70,120","70,100","69,168","69,284","69,216","68,072","61,288","62,448","64,148","65,584","65,236","63,684","62,496","64,468","65,980","66,960","68,604","68,636","68,520","71,592","73,272","75,728","78,160","79,640","80,160","80,716","81,144","82,380","80,784","79,132","78,536","79,368","79,740","81,452","82,776","70,508","67,032","65,656","65,980","65,276","68,284","68,884","68,876","69,100","74,156","70,776","72,876","73,764","75,748","74,084","73,580","73,380","74,308","73,792","76,292","76,084","78,064","79,832","84,016","80,968","78,304","78,672","79,116","72,808","72,512","67,168","66,816","72,752","75,476","71,732","78,756","78,944","83,292","80,748","82,380","91,588","86,272","87,184","81,716","80,532","61,344","75,764","81,752","75,336","82,180","82,552","87,008","88,380","93,508","97,376","93,044","97,352","103,720","99,828","98,892","100,196","107,424","98,784","105,568","108,552","101,848","99,164"
"Intellectual property products","224","228","228","224","220","224","232","232","228","236","244","256","268","276","296","312","320","340","360","368","376","392","412","424","424","444","460","476","484","488","500","504","504","524","560","592","612","644","656","644","608","600","600","608","620","644","676","692","692","716","744","772","784","832","884","936","972","1,024","1,076","1,108","1,412","1,456","1,532","1,604","1,644","1,736","1,832","1,904","1,932","2,024","2,136","2,240","2,316","2,488","2,696","2,908","3,100","3,320","3,576","3,768","3,732","3,900","4,072","4,236","4,372","4,308","4,136","4,188","4,064","4,192","4,356","4,592","4,912","5,036","5,212","5,248","5,444","5,792","6,032","5,980","6,180","6,028","5,880","6,120","6,076","6,468","6,796","7,048","7,220","7,524","7,912","7,876","7,776","7,704","7,588","7,876","8,232","8,256","8,868","9,096","9,108","8,768","8,592","8,460","8,316","8,476","8,836","9,044","9,436","10,088","10,572","11,436","12,392","12,976","13,508","13,628","13,556","13,200","13,312","13,600","14,156","14,096","14,488","15,184","15,028","15,672","16,084","16,700","17,480","18,228","18,800","19,464","18,384","18,492","18,840","18,956","20,964","21,980","23,192","24,152","26,396","26,892","25,540","24,404","24,352","23,904","24,604","25,368","26,052","26,076","26,932","26,624","27,708","28,716","29,440","30,188","30,852","31,836","33,264","33,556","33,032","33,096","33,304","34,496","33,712","34,420","35,484","35,824","37,648","37,404","37,264","36,176","31,948","30,776","30,924","31,796","33,536","34,792","35,648","35,648","35,568","37,180","38,336","38,616","39,696","37,848","37,912","37,260","37,224","37,672","38,432","38,040","39,496","38,952","39,188","40,752","38,328","36,352","36,016","36,460","36,564","36,964","35,976","36,032","38,600","39,872","41,136","40,140","44,036","44,940","44,500","46,092","48,112","47,768","48,104","47,476","48,304","45,248","47,772","49,828","54,280","55,540","56,232","55,996","60,568","63,624","64,968","66,988","69,492","69,840","71,124","71,480","73,076","74,812","76,824","77,852","78,712","78,392","78,256"
"Non-profit institutions serving households' gross fixed capital formation","52","48","52","56","56","56","52","52","56","52","60","64","60","68","72","72","68","76","80","80","76","88","88","92","92","96","88","88","88","92","96","104","96","100","108","112","116","112","112","116","118","124","126","132","128","140","140","140","140","164","176","180","192","208","208","212","204","232","244","264","262","278","282","266","279","303","303","303","300","332","328","328","337","373","397","401","407","435","455","475","492","544","596","668","664","616","568","568","608","640","640","640","640","664","680","680","656","672","692","712","704","708","700","700","692","724","752","764","760","760","784","812","816","816","812","852","880","884","864","832","820","832","896","948","904","900","896","908","928","952","972","1,012","980","1,008","1,032","1,036","1,100","1,096","1,092","1,088","1,096","1,128","1,152","1,140","1,188","1,192","1,192","1,120","952","848","760","772","856","980","1,036","1,072","1,068","1,092","1,124","1,156","1,204","1,248","1,308","1,384","1,504","1,556","1,568","1,572","1,528","1,468","1,336","1,124","828","728","816","1,112","1,636","2,028","2,268","2,420","2,488","2,400","2,216","1,984","1,572","1,540","1,648","1,884","2,408","2,692","2,920","2,968","2,232","2,204","2,140","2,320","2,280","2,340","2,348","2,476","2,332","2,408","2,408","2,472","2,584","2,712","2,788","2,808","2,932","2,868","2,904","2,948","3,128","3,200","3,156","3,096","2,928","2,944","2,988","2,964","2,344","2,192","2,136","2,176","2,220","2,328","2,344","2,388","2,432","2,396","2,348","2,268","2,100","2,136","2,188","2,180","2,272","2,208","2,408","2,520","2,636","2,776","2,740","2,848","3,128","3,348","3,324","3,264","3,552","3,760","3,980","4,208","4,412","4,536","4,704","4,748","4,492","4,724","4,800"
"General governments gross fixed capital formation","2,128","2,200","2,288","2,368","2,480","2,516","2,540","2,556","2,564","2,592","2,608","2,676","2,612","2,676","2,748","2,872","3,092","3,168","3,324","3,496","3,700","3,816","3,816","3,912","3,960","4,016","4,008","4,052","4,092","4,120","4,064","4,120","4,128","4,152","4,212","4,204","4,164","4,152","4,304","4,508","4,784","5,088","5,260","5,284","5,228","5,352","5,348","5,220","5,232","5,412","5,716","5,876","6,188","6,616","7,200","7,432","7,504","7,800","7,856","8,176","8,208","8,252","8,120","8,232","8,444","8,936","9,216","9,452","9,332","9,632","9,612","9,808","9,932","10,032","10,296","10,492","11,160","11,624","12,064","12,548","12,868","13,432","14,012","14,300","14,772","14,952","15,216","15,676","15,348","15,440","15,764","15,948","16,412","16,788","17,224","17,860","18,260","19,160","19,636","19,776","19,600","19,252","18,852","18,724","19,208","19,576","19,804","19,948","20,880","21,264","21,748","21,912","22,640","22,860","23,784","24,824","25,392","25,556","25,908","25,804","25,276","26,192","25,880","26,268","26,172","26,160","25,860","25,392","25,916","25,768","25,744","25,820","26,472","26,916","27,896","28,496","27,760","27,740","27,712","27,788","27,748","26,872","26,928","26,588","25,940","26,196","26,580","26,364","26,796","26,636","26,524","27,108","28,588","30,072","30,596","31,632","31,600","31,820","32,432","33,004","34,844","35,340","36,016","37,824","37,768","37,504","38,632","38,444","39,080","39,592","40,368","40,436","42,184","43,120","43,352","44,856","46,228","48,084","49,372","50,944","51,464","52,416","53,268","54,588","57,352","59,032","60,056","59,872","63,432","64,552","66,308","67,908","67,260","69,284","73,652","78,112","79,364","80,804","80,736","81,020","79,644","77,764","75,076","73,632","75,948","76,464","76,312","75,840","75,068","72,548","73,320","72,460","72,364","72,492","73,032","73,336","76,852","75,948","76,004","76,572","77,900","76,188","75,852","77,476","79,620","81,152","83,796","87,728","88,928","87,204","87,716","84,684","84,768","85,268","87,448","87,776","88,672","86,136","89,196","89,696","92,180","92,424","94,180","96,248","99,964","102,068","100,556","103,112","108,008","110,168","112,472","114,624","118,628","120,708","123,060","127,088","126,500","128,632","132,804"
"Investment in inventories","136","244","-424","484","649","244","1,100","687","753","468","804","867","1,032","659","648","21","1,795","1,445","861","1,071","1,173","1,973","1,076","898","252","160","343","65","360","677","809","1,086","1,232","1,561","1,444","1,683","636","456","928","-1,052","396","-60","325","815","837","883","821","579","751","1,218","2,496","2,999","1,861","3,606","3,891","4,618","2,776","582","-240","358","2,828","2,475","3,300","717","2,466","2,222","1,185","1,563","-459","420","1,149","2,706","2,752","7,100","3,416","5,924","174","4,531","-5,446","-1,983","3,488","6,272","800","-6,488","-4,500","-9,948","-13,188","-13,428","-5,660","-8,100","-832","1,076","2,956","5,260","3,932","2,648","2,780","3,448","6,092","4,224","7,752","5,500","884","-576","68","-1,692","960","7,964","8,976","4,100","5,032","3,892","-596","7,420","9,936","664","-948","168","-5,644","-4,716","-2,340","-10,652","-6,692","-6,208","-7,652","-5,364","-6,568","-9,380","-5,548","-1,892","1,708","304","724","1,040","564","1,532","7,060","12,100","9,376","5,828","2,864","-6,316","1,372","6,240","3,536","7,424","10,800","11,536","14,240","5,332","-4,052","2,928","324","3,672","3,752","12,164","11,812","11,660","13,336","8,104","-2,688","-384","-5,612","-13,308","-16,748","1,448","-544","4,596","11,436","10,608","-3,036","3,792","-3,216","-4,084","13,324","21,132","18,376","9,892","10,104","6,812","12,344","15,996","12,712","1,492","2,276","388","14,880","18,356","7,376","7,784","14,640","10,200","3,060","-8,792","-7,844","-8,264","3,792","-1,292","6,088","-7,204","8,664","18,020","8,404","10,396","4,352","9,952","12,452","532","14,736","7,384","13,652","19,048","16,528","7,900","6,148","7,836","8,088","2,696","-4,564","-8,528","-4,632","2,684","5,120","-4,084","9,748","18,344","26,848","18,196","19,524","17,844","12,012","13,328","20,852","14,372","3,148","4,424","14,204","-22,432","-36,144","-884","-588","19,904","2,324","30,672","29,172","72,164","76,544","44,868","19,920","19,636","19,628","11,652","13,224","13,440","16,424","-10,996","8,588","41,844","31,840"
"Of which: business investment in inventories","168","236","-464","468","677","244","1,092","679","749","488","808","895","1,036","715","748","81","1,783","1,465","877","1,087","1,181","1,961","1,076","898","236","132","311","29","336","657","773","1,046","1,216","1,549","1,432","1,699","636","456","916","-988","436","-36","409","827","813","843","813","587","763","1,266","2,496","2,999","1,873","3,578","3,847","4,574","2,784","550","-280","298","2,764","2,439","3,272","681","2,410","2,186","1,153","1,515","-523","372","1,129","2,606","2,688","7,064","3,432","5,768","106","4,503","-5,406","-2,203","4,532","6,020","904","-6,604","-4,656","-10,132","-13,364","-13,228","-5,728","-8,028","-660","1,040","3,048","5,220","3,776","2,628","2,868","3,476","6,084","4,324","7,768","5,500","1,000","-616","96","-1,652","1,044","7,912","8,940","4,072","4,972","3,700","-756","7,420","9,860","848","-1,036","32","-5,712","-4,756","-2,312","-10,732","-6,712","-6,056","-7,812","-5,180","-6,492","-9,388","-5,556","-1,856","1,640","292","688","1,000","572","1,536","6,876","12,136","9,392","5,772","2,836","-6,380","1,544","6,100","3,544","7,388","10,732","11,524","14,240","5,328","-4,060","2,956","320","3,632","3,804","12,108","11,776","11,632","13,244","7,992","-2,744","-412","-5,740","-13,356","-16,796","1,488","-464","4,588","11,416","10,580","-3,088","3,688","-3,120","-4,328","13,136","21,332","18,404","9,792","10,096","6,720","12,280","16,044","12,772","1,552","2,304","348","14,712","18,416","7,216","7,352","14,320","10,120","2,744","-8,380","-7,784","-8,272","3,624","-1,768","5,036","-7,324","6,988","17,972","8,188","10,988","2,812","9,040","11,424","-268","13,296","6,648","13,996","18,700","18,124","7,468","5,836","7,528","8,056","2,628","-4,796","-8,820","-4,248","2,212","4,820","-5,104","11,836","17,940","26,556","18,392","20,284","17,564","11,892","12,964","20,568","14,204","2,976","3,980","15,364","-26,172","-35,352","-1,520","-5,360","19,900","2,852","28,336","27,620","70,012","74,884","45,896","17,540","18,424","21,864","11,992","14,488","12,408","15,388","-12,096","8,844","41,028","30,528"
"Non-farm","588","600","-44","860","384","216","760","384","388","76","396","968","944","960","988","80","1,520","1,140","976","1,340","1,004","1,676","852","732","412","304","248","-228","164","472","584","672","908","956","812","1,300","708","516","1,140","-856","128","-60","608","876","908","1,168","1,404","716","996","1,004","2,380","2,432","2,768","3,380","3,876","4,808","1,540","-96","76","708","2,252","2,204","2,596","620","1,892","2,192","984","1,972","-880","-448","940","2,380","3,100","6,536","3,388","5,256","240","4,944","-4,724","-1,556","3,416","5,296","544","-6,584","-5,316","-9,972","-13,000","-12,840","-4,240","-7,388","-448","1,000","3,680","6,360","6,120","3,972","2,676","2,832","5,220","4,288","7,096","4,628","-400","-524","80","-744","1,632","8,380","9,436","5,104","5,988","3,464","-1,472","5,996","9,252","1,356","-640","80","-7,468","-5,884","-3,112","-11,172","-6,696","-6,116","-6,756","-5,068","-5,244","-9,176","-6,488","-2,804","604","-424","-324","772","1,680","2,224","6,424","11,600","8,820","5,976","3,280","-8,120","-396","6,544","2,892","8,064","12,664","13,576","14,952","4,924","-3,704","3,464","276","2,632","3,724","11,772","11,912","11,272","12,920","7,316","-2,396","784","-4,780","-12,092","-15,772","2,732","1,384","6,280","10,736","9,464","-5,020","1,748","-4,132","-5,700","11,628","19,596","17,252","8,940","9,720","6,316","12,976","17,236","13,252","2,056","3,240","1,152","15,920","19,268","6,752","5,420","10,512","7,472","4,400","-5,944","-8,576","-8,856","3,932","-1,096","5,180","-7,116","6,596","17,460","7,536","11,880","3,188","7,520","9,032","320","9,764","2,824","8,720","18,076","20,004","10,832","9,804","10,096","9,572","2,716","-4,456","-9,792","-3,196","1,064","5,456","-3,636","10,876","16,324","25,956","15,816","19,324","17,544","11,152","13,600","20,120","14,480","2,556","2,400","12,852","-26,700","-30,336","988","1,764","25,268","12,620","29,476","26,124","57,724","64,868","45,760","23,424","18,128","23,184","14,244","16,148","15,700","19,072","-8,436","8,804","39,812","26,396"
"Farm","-420","-364","-420","-392","293","28","332","295","361","412","412","-73","92","-245","-240","1","263","325","-99","-253","177","285","224","166","-176","-172","63","257","172","185","189","374","308","593","620","399","-72","-60","-224","-132","308","24","-199","-49","-95","-325","-591","-129","-233","262","116","567","-895","198","-29","-234","1,244","646","-356","-410","512","235","676","61","518","-6","169","-457","357","820","189","226","-412","528","44","512","-134","-441","-682","-647","1,116","724","360","-20","660","-160","-364","-388","-1,488","-640","-212","40","-632","-1,140","-2,344","-1,344","192","644","864","36","672","872","1,400","-92","16","-908","-588","-468","-496","-1,032","-1,016","236","716","1,424","608","-508","-396","-48","1,756","1,128","800","440","-16","60","-1,056","-112","-1,248","-212","932","948","1,036","716","1,012","228","-1,108","-688","452","536","572","-204","-444","1,740","1,940","-444","652","-676","-1,932","-2,052","-712","404","-356","-508","44","1,000","80","336","-136","360","324","676","-348","-1,196","-960","-1,264","-1,024","-1,244","-1,848","-1,692","680","1,116","1,932","1,940","1,012","1,372","1,508","1,736","1,152","852","376","404","-696","-1,192","-480","-504","-936","-804","-1,208","-852","464","1,932","3,808","2,648","-1,656","-2,436","792","584","-308","-672","-144","-208","392","512","652","-892","-376","1,520","2,392","-588","3,532","3,824","5,276","624","-1,880","-3,364","-3,968","-2,568","-1,516","-88","-340","972","-1,052","1,148","-636","-1,468","960","1,616","600","2,576","960","20","740","-636","448","-276","420","1,580","2,512","528","-5,016","-2,508","-7,124","-5,368","-9,768","-1,140","1,496","12,288","10,016","136","-5,884","296","-1,320","-2,252","-1,660","-3,292","-3,684","-3,660","40","1,216","4,132"
"Exports of goods and services","7,080","7,032","7,432","7,696","7,812","7,908","7,848","8,236","8,316","8,544","8,588","9,472","9,700","10,364","10,332","10,152","10,232","10,424","10,920","11,528","11,832","12,168","13,116","13,196","13,600","14,368","14,292","14,400","15,408","15,924","16,328","17,000","17,480","17,468","17,604","18,736","19,996","20,228","20,144","20,152","20,160","20,736","22,128","21,448","21,836","23,812","23,496","26,164","28,084","29,472","29,412","32,628","35,072","37,024","39,520","39,456","37,748","38,740","39,268","40,088","41,816","44,360","45,992","45,084","48,544","50,940","51,876","53,692","56,888","59,928","62,368","66,356","70,632","71,372","77,664","81,208","87,060","85,060","87,716","93,656","94,812","98,960","96,960","98,028","95,600","98,916","102,576","94,080","96,852","103,728","106,040","113,432","120,968","127,636","135,060","132,588","134,396","137,744","137,956","140,872","140,096","139,580","144,308","144,516","145,464","145,908","150,292","155,724","161,392","163,008","162,240","166,656","172,084","166,784","165,624","168,332","171,120","175,284","176,784","174,380","166,236","169,500","174,472","173,412","177,888","185,064","189,716","200,228","208,692","215,708","218,432","227,992","233,308","253,592","267,964","283,620","301,912","295,200","296,160","307,524","308,828","318,600","328,348","320,164","337,696","340,304","348,368","356,936","362,796","367,864","378,928","396,372","405,188","406,992","430,700","444,824","465,564","484,216","494,784","511,364","509,532","493,744","466,284","455,088","467,024","472,636","485,064","487,976","487,808","447,560","454,232","460,692","471,320","514,264","512,332","496,468","501,152","511,192","529,084","554,352","526,872","524,532","530,796","537,096","554,040","555,276","530,752","520,036","546,988","592,360","600,848","539,560","460,416","430,464","440,564","460,872","473,476","480,920","483,264","506,108","521,996","526,240","554,040","574,740","562,396","554,476","546,644","554,932","567,500","576,092","580,896","583,468","612,364","640,380","644,876","634,828","620,336","630,644","649,764","635,076","635,324","608,392","641,832","666,832","680,272","686,604","647,328","679,100","697,552","734,220","748,672","710,316","733,424","765,380","753,944","741,252","700,384","551,444","670,832","695,220","754,188","756,940","794,440","856,600","906,260","1,006,108","979,772","971,168","980,452","969,136","996,184","1,008,816","985,992","1,008,872","1,003,256","1,039,156","1,072,340","965,576","983,072"
"Exports of goods","6,068","6,016","6,384","6,628","6,712","6,732","6,692","7,056","7,116","7,300","7,324","8,152","8,356","9,012","8,952","8,688","8,772","8,920","9,340","9,972","10,116","10,448","11,320","11,364","11,616","11,900","11,412","12,276","13,452","13,880","14,252","15,008","15,264","15,148","15,208","16,300","17,356","17,596","17,544","17,412","17,588","17,996","19,280","18,572","19,256","20,944","20,588","23,060","24,856","26,128","25,960","29,096","30,944","32,908","35,260","35,008","33,264","34,296","34,660","35,284","36,640","39,320","40,712","39,940","43,252","45,216","46,256","47,928","50,784","53,504","55,672","59,192","63,192","63,384","69,480","72,652","78,104","75,876","78,244","84,088","84,100","88,040","85,872","86,936","84,716","87,796","91,388","83,000","86,088","91,584","93,476","100,844","107,640","114,396","121,640","119,172","120,304","123,120","122,920","125,276","124,256","122,804","126,248","127,784","128,420","128,420","132,008","137,448","140,928","144,060","142,948","146,648","150,952","145,916","144,500","146,972","149,768","152,616","154,508","151,884","143,472","146,936","151,356","149,272","154,568","160,464","164,940","174,036","181,924","188,576","190,592","199,404","202,648","220,816","237,864","251,200","267,972","261,328","260,876","271,036","271,096","280,056","288,580","279,908","297,288","297,860","305,008","312,632","315,404","318,348","328,904","345,380","353,324","355,184","377,092","388,932","407,420","424,904","433,704","449,224","447,812","432,008","405,544","394,640","403,768","408,464","419,576","420,480","423,116","386,504","389,836","393,572","403,988","444,064","441,280","423,700","428,812","437,244","454,104","477,584","451,908","447,888","453,112","458,876","476,728","476,856","453,460","442,192","467,960","511,144","517,852","455,780","380,792","350,820","361,268","379,524","393,532","400,968","401,968","422,948","439,056","440,004","466,096","485,188","471,524","462,296","454,572","462,164","473,736","480,208","482,808","485,320","513,500","537,548","541,440","530,024","514,284","522,136","539,956","524,880","521,528","494,468","525,296","547,916","559,488","564,344","524,504","553,768","564,340","598,824","610,920","570,576","585,556","612,028","597,384","587,428","557,260","427,052","542,936","562,660","611,536","610,820","640,112","691,836","739,220","825,332","790,344","775,312","771,572","753,428","774,340","779,716","757,188","778,492","772,444","802,328","836,484","730,812","743,984"
"Exports of services","1,012","1,016","1,048","1,068","1,100","1,176","1,156","1,180","1,200","1,244","1,264","1,320","1,344","1,352","1,380","1,464","1,460","1,504","1,580","1,556","1,716","1,720","1,796","1,832","1,984","2,468","2,880","2,124","1,956","2,044","2,076","1,992","2,216","2,320","2,396","2,436","2,640","2,632","2,600","2,740","2,572","2,740","2,848","2,876","2,580","2,868","2,908","3,104","3,228","3,344","3,452","3,532","4,128","4,116","4,260","4,448","4,484","4,444","4,608","4,804","5,176","5,040","5,280","5,144","5,292","5,724","5,620","5,764","6,104","6,424","6,696","7,164","7,440","7,988","8,184","8,556","8,956","9,184","9,472","9,568","10,712","10,920","11,088","11,092","10,884","11,120","11,188","11,080","10,764","12,144","12,564","12,588","13,328","13,240","13,420","13,416","14,092","14,624","15,036","15,596","15,840","16,776","18,060","16,732","17,044","17,488","18,284","18,276","20,464","18,948","19,292","20,008","21,132","20,868","21,124","21,360","21,352","22,668","22,276","22,496","22,764","22,564","23,116","24,140","23,320","24,600","24,776","26,192","26,768","27,132","27,840","28,588","30,660","32,776","30,100","32,420","33,940","33,872","35,284","36,488","37,732","38,544","39,768","40,256","40,408","42,444","43,360","44,304","47,392","49,516","50,024","50,992","51,864","51,808","53,608","55,892","58,144","59,312","61,080","62,140","61,720","61,736","60,740","60,448","63,256","64,172","65,488","67,496","64,692","61,056","64,396","67,120","67,332","70,200","71,052","72,768","72,340","73,948","74,980","76,768","74,964","76,644","77,684","78,220","77,312","78,420","77,292","77,844","79,028","81,216","82,996","83,780","79,624","79,644","79,296","81,348","79,944","79,952","81,296","83,160","82,940","86,236","87,944","89,552","90,872","92,180","92,072","92,768","93,764","95,884","98,088","98,148","98,864","102,832","103,436","104,804","106,052","108,508","109,808","110,196","113,796","113,924","116,536","118,916","120,784","122,260","122,824","125,332","133,212","135,396","137,752","139,740","147,868","153,352","156,560","153,824","143,124","124,392","127,896","132,560","142,652","146,120","154,328","164,764","167,040","180,776","189,428","195,856","208,880","215,708","221,844","229,100","228,804","230,380","230,812","236,828","235,856","234,764","239,088"
"Less: imports of goods and services","7,296","7,316","7,568","8,132","8,236","8,192","8,156","7,884","7,996","8,244","8,696","8,948","9,416","9,724","9,540","9,800","10,340","10,616","11,032","11,848","12,100","12,408","12,876","13,412","13,480","13,740","13,720","13,576","15,016","14,644","15,216","16,932","17,652","17,860","17,836","18,616","18,344","18,548","18,244","17,288","17,852","19,396","20,764","21,212","21,512","22,756","23,576","24,864","26,568","27,424","28,588","31,272","33,908","36,440","39,748","41,588","41,820","41,816","42,468","43,480","45,116","46,384","46,076","47,032","49,736","52,224","52,884","53,408","54,768","59,268","61,588","67,740","70,608","70,440","75,608","79,432","81,460","81,660","80,604","87,960","91,972","98,952","95,820","92,192","86,492","83,548","83,944","78,660","83,128","86,692","94,436","102,860","109,204","112,448","118,108","113,728","118,840","125,620","129,680","131,788","136,580","133,976","139,468","139,304","136,120","138,248","142,864","153,956","157,320","156,108","159,624","161,688","166,248","168,876","165,896","171,104","174,796","173,640","171,656","173,188","169,464","170,380","178,248","180,036","183,220","188,264","193,568","197,608","205,812","213,840","220,608","229,536","231,028","249,260","252,952","268,128","276,584","275,232","271,356","273,360","279,508","277,788","290,360","292,884","311,508","323,148","334,872","343,788","348,652","352,692","356,144","374,088","374,012","374,648","387,708","405,900","413,472","424,808","429,760","437,780","425,212","424,220","410,688","401,940","407,840","423,284","434,388","436,608","432,304","409,116","402,944","410,596","416,056","443,984","451,500","444,384","457,924","465,988","469,036","477,980","475,892","487,940","493,888","496,788","510,516","506,496","506,172","499,620","514,020","544,048","556,240","548,368","481,660","454,340","467,904","479,092","497,576","511,464","529,224","530,348","544,496","558,292","568,840","586,424","587,656","592,928","589,516","586,448","596,984","603,272","612,204","614,744","630,872","652,604","653,896","667,332","674,904","677,300","690,492","689,380","689,740","673,580","692,180","687,972","711,044","733,904","705,324","730,744","748,240","773,780","775,912","767,128","790,816","789,700","781,004","768,156","775,408","592,372","712,904","733,444","754,688","759,496","788,672","848,832","879,456","968,252","982,476","977,072","968,792","987,096","986,032","999,768","989,140","1,017,824","1,020,096","1,033,004","1,066,960","1,042,120","1,025,308"
"Imports of goods","5,844","5,848","6,004","6,476","6,696","6,568","6,616","6,360","6,488","6,680","7,076","7,308","7,664","8,008","7,772","7,928","8,516","8,700","9,076","9,852","10,064","10,272","10,644","11,156","11,164","11,372","11,372","11,120","12,540","12,164","12,580","14,152","14,656","14,504","14,604","15,404","14,856","14,956","14,676","13,808","14,580","15,780","16,840","17,176","17,812","18,884","19,524","20,564","22,084","22,940","23,832","26,132","28,360","30,864","33,980","35,524","35,048","35,000","35,368","36,032","37,332","38,256","37,976","38,580","41,028","43,340","43,532","43,988","45,208","49,004","51,080","56,796","59,904","59,696","64,516","67,712","69,180","69,276","67,564","74,628","77,128","84,024","81,336","77,924","71,160","69,188","69,620","64,100","68,772","71,116","78,064","86,040","91,712","94,852","100,696","96,584","99,780","106,456","110,204","111,928","115,596","112,592","117,716","117,104","114,296","115,480","119,700","130,252","133,164","131,212","134,084","135,356","138,792","141,032","137,792","141,604","143,860","142,168","139,392","140,720","137,760","137,344","144,656","144,316","147,628","151,720","157,964","161,656","167,672","174,400","178,964","187,856","188,112","205,080","212,680","226,660","233,880","231,644","226,844","227,996","233,852","231,372","242,328","244,040","262,284","273,536","283,856","292,324","295,400","298,196","301,828","318,632","317,716","317,436","328,948","344,364","351,452","360,928","365,564","371,712","358,712","358,444","345,816","336,748","342,588","354,400","364,044","365,504","361,928","341,292","331,432","336,156","341,180","367,568","375,992","368,352","379,380","386,504","388,692","396,784","393,836","405,340","408,884","411,456","423,652","417,556","417,044","406,308","419,388","447,940","458,388","450,044","383,156","358,736","373,368","382,020","396,208","409,004","426,124","424,680","439,676","449,160","459,644","477,100","475,624","479,424","474,488","471,152","479,880","484,976","491,844","494,336","507,708","526,576","527,708","538,212","543,640","543,072","555,340","554,200","552,472","536,276","553,280","547,368","567,520","589,136","560,692","582,752","594,044","615,648","615,308","606,880","623,840","622,784","613,828","597,136","598,484","467,304","585,356","601,348","612,292","613,744","631,452","681,816","708,848","779,660","785,348","777,476","765,456","775,604","768,932","772,796","761,796","790,808","786,332","800,208","833,972","804,580","788,380"
"Imports of services","1,452","1,468","1,564","1,656","1,540","1,624","1,540","1,524","1,508","1,564","1,620","1,640","1,752","1,716","1,768","1,872","1,824","1,916","1,956","1,996","2,036","2,136","2,232","2,256","2,316","2,368","2,348","2,456","2,476","2,480","2,636","2,780","2,996","3,356","3,232","3,212","3,488","3,592","3,568","3,480","3,272","3,616","3,924","4,036","3,700","3,872","4,052","4,300","4,484","4,484","4,756","5,140","5,548","5,576","5,768","6,064","6,772","6,816","7,100","7,448","7,784","8,128","8,100","8,452","8,708","8,884","9,352","9,420","9,560","10,264","10,508","10,944","10,704","10,744","11,092","11,720","12,280","12,384","13,040","13,332","14,844","14,928","14,484","14,268","15,332","14,360","14,324","14,560","14,356","15,576","16,372","16,820","17,492","17,596","17,412","17,144","19,060","19,164","19,476","19,860","20,984","21,384","21,752","22,200","21,824","22,768","23,164","23,704","24,156","24,896","25,540","26,332","27,456","27,844","28,104","29,500","30,936","31,472","32,264","32,468","31,704","33,036","33,592","35,720","35,592","36,544","35,604","35,952","38,140","39,440","41,644","41,680","42,916","44,180","40,272","41,468","42,704","43,588","44,512","45,364","45,656","46,416","48,032","48,844","49,224","49,612","51,016","51,464","53,252","54,496","54,316","55,456","56,296","57,212","58,760","61,536","62,020","63,880","64,196","66,068","66,500","65,776","64,872","65,192","65,252","68,884","70,344","71,104","70,376","67,824","71,512","74,440","74,876","76,416","75,508","76,032","78,544","79,484","80,344","81,196","82,056","82,600","85,004","85,332","86,864","88,940","89,128","93,312","94,632","96,108","97,852","98,324","98,504","95,604","94,536","97,072","101,368","102,460","103,100","105,668","104,820","109,132","109,196","109,324","112,032","113,504","115,028","115,296","117,104","118,296","120,360","120,408","123,164","126,028","126,188","129,120","131,264","134,228","135,152","135,180","137,268","137,304","138,900","140,604","143,524","144,768","144,632","147,992","154,196","158,132","160,604","160,248","166,976","166,916","167,176","171,020","176,924","125,068","127,548","132,096","142,396","145,752","157,220","167,016","170,608","188,592","197,128","199,596","203,336","211,492","217,100","226,972","227,344","227,016","233,764","232,796","232,988","237,540","236,928"
"Statistical discrepancy","-400","-204","152","92","195","292","36","-15","-69","124","96","25","-228","137","28","39","-163","-37","11","113","63","-337","-452","170","136","-76","-59","-69","44","11","-245","214","460","571","276","-123","48","-204","-700","-752","-586","-384","-607","-499","31","-211","127","513","557","638","380","193","707","758","1,025","1,014","716","382","504","346","1,390","831","-38","473","-277","-465","-1,200","-1,178","-961","-36","-557","758","-993","-1,057","959","447","791","-6","-1,203","-1,014","-1,376","-876","428","336","-960","-176","-1,072","-2,044","-2,024","-1,328","-552","-316","-448","-132","-1,092","-768","776","492","-1,056","584","-948","-1,316","248","-1,320","-192","1,252","1,664","1,440","1,192","1,008","740","1,176","2,824","588","-700","968","464","860","408","544","-272","-476","-1,308","-1,364","-1,900","-920","-1,076","-1,412","480","324","-1,448","-720","1,232","-696","224","748","-748","520","-144","380","264","112","-976","-1,096","548","1,236","748","2,048","908","1,156","-1,024","1,164","1,636","964","940","2,136","1,564","1,676","1,308","-472","600","-528","-956","432","1,452","536","980","-72","2,008","1,292","44","172","856","-28","-64","236","-308","988","1,444","-252","-820","768","-776","-36","-976","-696","-1,204","-1,048","-72","552","-1,160","-620","-208","-1,328","-1,484","-392","-848","-1,064","-2,136","-1,440","-1,152","-912","-1,240","-820","-1,504","-1,188","-404","-1,028","-1,408","528","1,612","-1,172","-1,556","-220","244","-704","-216","-816","-1,268","-1,160","1,168","1,528","1,272","1,312","-1,936","-168","-1,032","-100","464","-440","160","132","1,808","1,464","-1,300","-1,452","524","-840","356","840","824","1,208","140","-648","432","-356","-664","372","516","-316","-200","-772","-1,052","-344","64","-1,148","188","-324","920"
"Gross domestic product at market prices","40,600","41,496","42,604","43,404","44,624","45,132","46,068","47,132","47,584","48,556","49,352","51,360","52,576","53,420","54,580","55,324","57,268","58,656","60,064","62,216","64,320","66,488","67,364","68,648","69,484","71,744","72,380","73,640","75,316","77,652","79,448","81,480","83,796","85,476","87,140","89,308","91,376","92,224","94,096","94,916","96,288","100,312","103,624","106,436","108,148","112,264","114,384","119,288","124,756","130,040","134,524","142,544","149,300","155,960","162,244","165,200","167,444","173,624","182,216","188,428","196,248","206,252","208,448","212,996","219,912","224,808","229,724","235,960","241,320","248,684","255,204","263,092","271,400","284,172","292,920","301,940","309,784","317,228","324,764","339,352","355,992","367,992","372,820","376,628","383,004","386,516","389,560","393,644","403,236","415,804","428,960","437,264","447,840","459,552","465,180","475,372","486,096","495,352","503,872","514,788","518,612","523,844","530,220","533,844","552,484","567,420","581,680","595,760","610,948","621,168","631,392","644,068","656,160","669,792","679,132","681,232","691,928","695,624","697,684","696,768","694,008","701,572","704,796","706,716","710,008","714,744","721,660","727,332","733,952","745,360","750,068","758,768","772,656","783,660","800,784","810,788","823,972","828,856","832,976","840,680","844,208","852,904","864,544","877,680","891,748","899,412","912,564","923,980","934,612","935,212","938,872","953,496","975,240","994,172","1,021,308","1,040,988","1,070,188","1,099,448","1,121,768","1,132,880","1,149,924","1,152,860","1,138,804","1,136,584","1,158,640","1,185,892","1,204,144","1,226,100","1,250,088","1,237,720","1,258,296","1,272,884","1,296,216","1,328,148","1,351,480","1,367,080","1,380,324","1,399,608","1,436,992","1,469,436","1,476,000","1,490,716","1,504,936","1,514,764","1,547,276","1,576,612","1,582,248","1,604,508","1,637,296","1,677,448","1,694,512","1,618,908","1,557,232","1,548,488","1,567,924","1,611,692","1,644,032","1,653,240","1,665,372","1,701,548","1,737,952","1,759,852","1,785,748","1,812,700","1,815,120","1,818,984","1,830,636","1,844,064","1,876,844","1,886,592","1,912,428","1,933,124","1,963,452","1,988,404","2,013,792","2,013,944","1,984,300","1,984,920","2,000,864","1,991,680","1,998,420","2,002,152","2,035,420","2,066,148","2,107,948","2,130,020","2,141,752","2,182,844","2,207,068","2,240,068","2,258,952","2,236,612","2,268,912","2,312,680","2,322,476","2,350,184","2,288,016","2,015,932","2,246,484","2,331,676","2,431,388","2,488,016","2,563,304","2,660,564","2,777,840","2,898,284","2,888,752","2,891,760","2,912,428","2,935,200","2,997,664","3,015,512","3,036,308","3,088,908","3,132,052","3,176,936","3,220,856","3,208,880","3,255,456"
"Final domestic demand","41,080","41,740","43,012","43,264","44,204","44,880","45,240","46,108","46,580","47,664","48,560","49,944","51,488","51,984","53,112","54,912","55,744","57,440","59,304","61,352","63,352","65,092","66,500","67,796","68,976","71,032","71,524","72,820","74,520","75,684","77,772","80,112","82,276","83,736","85,652","87,628","89,040","90,292","91,968","93,856","94,170","99,416","102,542","105,884","106,956","110,536","113,516","116,896","121,932","126,136","130,824","137,996","145,568","151,012","157,556","161,700","168,024","175,736","185,152","191,116","195,330","204,970","205,270","213,754","218,915","224,335","230,747","235,291","240,620","247,640","253,832","261,012","269,617","277,197","286,489","293,793","303,219","309,303","324,301","336,653","351,040","362,588","370,452","376,944","379,356","381,272","385,188","393,696","397,196","408,196","418,740","425,932","433,568","439,236","445,388","454,632","466,984","479,288","490,560","500,896","508,292","514,056","524,248","530,528","543,264","560,200","571,628","584,588","596,708","609,160","623,004","634,032","648,096","663,876","670,168","682,372","696,088","692,952","697,792","699,748","699,848","713,580","716,572","720,912","724,892","724,228","733,156","735,504","736,140","745,060","751,984","760,728","768,420","778,984","784,984","793,016","792,332","796,268","798,940","800,308","811,760","818,296","826,160","845,256","861,476","873,596","887,520","897,248","905,320","913,552","921,164","927,120","942,104","957,192","973,624","987,764","1,004,720","1,026,704","1,042,100","1,051,664","1,067,692","1,084,248","1,089,776","1,096,312","1,114,752","1,134,556","1,153,032","1,170,208","1,181,140","1,187,376","1,210,000","1,218,824","1,243,312","1,261,980","1,277,388","1,293,628","1,319,028","1,343,524","1,365,396","1,386,504","1,413,496","1,437,360","1,456,092","1,473,000","1,502,452","1,528,140","1,543,992","1,566,784","1,597,024","1,620,800","1,636,424","1,618,136","1,575,624","1,582,484","1,604,592","1,638,568","1,665,188","1,686,140","1,707,380","1,734,432","1,752,940","1,774,796","1,793,384","1,814,808","1,837,532","1,848,672","1,861,460","1,876,076","1,893,000","1,905,860","1,928,472","1,946,524","1,966,988","1,992,948","2,016,420","2,039,316","2,030,996","2,029,696","2,047,424","2,055,672","2,056,300","2,063,128","2,079,376","2,090,060","2,130,908","2,159,144","2,173,932","2,216,392","2,237,768","2,262,224","2,274,020","2,279,964","2,303,644","2,321,164","2,347,688","2,374,116","2,348,312","2,080,132","2,324,344","2,369,944","2,431,652","2,469,460","2,555,072","2,622,772","2,721,432","2,788,620","2,815,576","2,852,424","2,880,332","2,933,840","2,968,084","2,995,584","3,027,284","3,084,764","3,132,404","3,182,928","3,206,700","3,243,904","3,264,932"




"How to cite: Statistics Canada. Table 36-10-0104-01  Gross domestic product, expenditure-based, Canada, quarterly (x 1,000,000)"
https://www150.statcan.gc.ca/t1/tbl1/en/tv.action?pid=3610010401